Date,Depth_to_Groundwater_LT2,Depth_to_Groundwater_SAL,Depth_to_Groundwater_CoS
2010-06-29,-14.765145,-6.754645,-5.9962707
2010-06-30,-14.775942,-6.7529693,-6.0050664
2010-07-01,-14.78556,-6.7511864,-6.0124955
2010-07-02,-14.795671,-6.749736,-6.019516
2010-07-03,-14.802314,-6.747931,-6.024901
2010-07-04,-14.807953,-6.754194,-6.025017
2010-07-05,-14.816164,-6.7565255,-6.011382
2010-07-06,-14.829492,-6.756098,-6.008847
2010-07-07,-14.841507,-6.7496867,-6.0082607
2010-07-08,-14.855573,-6.7527432,-6.007666
2010-07-09,-14.870127,-6.758189,-6.009104
2010-07-10,-14.882705,-6.752753,-6.008723
2010-07-11,-14.886692,-6.7589636,-6.006604
2010-07-12,-14.889589,-6.7596493,-5.984401
2010-07-13,-14.89382,-6.77833,-5.9840074
2010-07-14,-14.904816,-6.775696,-5.9835057
2010-07-15,-14.915705,-6.7785754,-5.98234
2010-07-16,-14.923566,-6.782479,-5.9865003
2010-07-17,-14.928254,-6.7753158,-5.989117
2010-07-18,-14.925051,-6.783481,-5.9898615
2010-07-19,-14.921885,-6.7884984,-5.9888325
2010-07-20,-14.922134,-6.7970448,-5.9876027
2010-07-21,-14.923735,-6.805842,-5.985658
2010-07-22,-14.927502,-6.814523,-5.982956
2010-07-23,-14.933264,-6.8208323,-5.9849567
2010-07-24,-14.941076,-6.8113256,-5.9859266
2010-07-25,-14.945359,-6.815469,-5.9844084
2010-07-26,-14.94876,-6.811711,-5.982397
2010-07-27,-14.950042,-6.810667,-5.980531
2010-07-28,-14.95665,-6.8108497,-5.978605
2010-07-29,-14.95978,-6.811754,-5.976525
2010-07-30,-14.96421,-6.8142967,-5.979135
2010-07-31,-14.971362,-6.806675,-5.9807205
2010-08-01,-14.970354,-6.810293,-5.976077
2010-08-02,-14.968847,-6.8114457,-5.9809895
2010-08-03,-14.9713745,-6.793491,-5.9866624
2010-08-04,-14.992067,-6.78524,-5.9899626
2010-08-05,-15.006737,-6.772712,-5.9816
2010-08-06,-15.01576,-6.772998,-5.982701
2010-08-07,-15.02704,-6.7471943,-5.985933
2010-08-08,-15.02862,-6.7394657,-5.987148
2010-08-09,-15.029968,-6.730222,-5.983145
2010-08-10,-15.02853,-6.7199535,-5.9791474
2010-08-11,-15.018667,-6.702552,-5.9827976
2010-08-12,-15.029431,-6.6903124,-5.9844894
2010-08-13,-15.025979,-6.68473,-5.986569
2010-08-14,-15.025101,-6.66323,-5.9881887
2010-08-15,-15.018376,-6.649989,-5.989085
2010-08-16,-15.010369,-6.6417184,-5.989273
2010-08-17,-15.006324,-6.637382,-5.98905
2010-08-18,-15.001913,-6.6347876,-5.9890065
2010-08-19,-14.996807,-6.6301904,-5.9893904
2010-08-20,-14.993902,-6.6258693,-5.9879737
2010-08-21,-14.99464,-6.6109185,-5.9694834
2010-08-22,-14.990637,-6.592627,-5.966007
2010-08-23,-14.968858,-6.5598545,-5.9760885
2010-08-24,-14.975201,-6.545408,-5.986137
2010-08-25,-14.973731,-6.542427,-5.996437
2010-08-26,-14.96354,-6.5428276,-6.0049434
2010-08-27,-14.973203,-6.5478325,-6.008513
2010-08-28,-14.967956,-6.5499687,-6.0090594
2010-08-29,-14.95367,-6.5638213,-6.007556
2010-08-30,-14.942253,-6.5810485,-6.0053043
2010-08-31,-14.933803,-6.597509,-6.0020223
2010-09-01,-14.929839,-6.6108947,-5.9990034
2010-09-02,-14.925733,-6.620577,-5.9977818
2010-09-03,-14.928005,-6.628264,-5.994971
2010-09-04,-14.935176,-6.6289625,-5.9958196
2010-09-05,-14.936618,-6.637899,-5.998996
2010-09-06,-14.93939,-6.6360264,-5.999923
2010-09-07,-14.936055,-6.639891,-6.0035276
2010-09-08,-14.954853,-6.6406217,-6.006728
2010-09-09,-14.9682865,-6.644404,-6.0090437
2010-09-10,-14.978981,-6.6497836,-6.011311
2010-09-11,-14.983785,-6.643364,-6.0130873
2010-09-12,-14.982707,-6.650604,-6.0135126
2010-09-13,-14.98154,-6.6556296,-6.012467
2010-09-14,-14.974912,-6.662267,-6.0102286
2010-09-15,-14.974099,-6.6692777,-6.0086865
2010-09-16,-14.975463,-6.6784883,-6.0058103
2010-09-17,-14.975334,-6.68551,-6.0024548
2010-09-18,-14.97274,-6.6793785,-6.054066
2010-09-19,-14.96802,-6.65383,-6.024769
2010-09-20,-14.952364,-6.642374,-6.0244966
2010-09-21,-14.961416,-6.6251416,-6.0212564
2010-09-22,-14.969245,-6.6113973,-6.018183
2010-09-23,-14.975792,-6.602783,-6.0151186
2010-09-24,-14.9777975,-6.602462,-6.012353
2010-09-25,-14.975432,-6.5945454,-6.010753
2010-09-26,-14.968803,-6.6005936,-6.010037
2010-09-27,-14.9634905,-6.6091456,-6.010639
2010-09-28,-14.954469,-6.6163483,-5.983454
2010-09-29,-14.940169,-6.5920014,-5.9794755
2010-09-30,-14.922789,-6.556052,-5.9846992
2010-10-01,-14.96159,-6.5272264,-5.9938564
2010-10-02,-14.977892,-6.512138,-6.003426
2010-10-03,-14.983067,-6.5096135,-6.0116873
2010-10-04,-14.981353,-6.51004,-6.0178547
2010-10-05,-14.975581,-6.5139256,-6.0213795
2010-10-06,-14.966976,-6.519638,-6.0204487
2010-10-07,-14.956104,-6.524965,-6.017394
2010-10-08,-14.947037,-6.5324945,-5.9982657
2010-10-09,-14.934699,-6.5527077,-6.005905
2010-10-10,-14.946241,-6.5612087,-6.0087094
2010-10-11,-14.944824,-6.568323,-6.010278
2010-10-12,-14.942293,-6.5745826,-6.0117507
2010-10-13,-14.937535,-6.5807886,-6.012746
2010-10-14,-14.9343195,-6.5860868,-6.014604
2010-10-15,-14.930636,-6.59173,-6.0128536
2010-10-16,-14.9270115,-6.5853033,-6.0138073
2010-10-17,-14.923816,-6.589805,-6.0149975
2010-10-18,-14.9235735,-6.5953918,-6.017997
2010-10-19,-14.924432,-6.6043444,-6.0183396
2010-10-20,-14.9250765,-6.6109667,-6.016723
2010-10-21,-14.924068,-6.6204405,-6.0151744
2010-10-22,-14.927769,-6.628374,-6.0095925
2010-10-23,-14.932182,-6.6194577,-6.005867
2010-10-24,-14.932708,-6.6325984,-6.0047994
2010-10-25,-14.9327135,-6.638106,-5.9961534
2010-10-26,-14.929977,-6.663127,-5.998806
2010-10-27,-14.901414,-6.7274337,-5.9877186
2010-10-28,-14.936558,-6.771881,-5.9968996
2010-10-29,-14.915592,-6.77974,-6.0095496
2010-10-30,-14.958425,-6.7530484,-6.0209446
2010-10-31,-14.965702,-6.7550764,-6.017606
2010-11-01,-14.97359,-6.76499,-6.010635
2010-11-02,-14.952494,-6.815165,-6.0173516
2010-11-03,-14.975122,-6.789619,-6.0193806
2010-11-04,-14.977278,-6.78345,-6.0224466
2010-11-05,-14.978977,-6.7791324,-6.028387
2010-11-06,-14.972208,-6.7557435,-6.033803
2010-11-07,-14.96137,-6.753775,-6.03622
2010-11-08,-14.952992,-6.7463098,-6.0364265
2010-11-09,-14.946382,-6.7395253,-6.0386677
2010-11-10,-14.942156,-6.7344437,-6.0260186
2010-11-11,-14.935044,-6.720523,-6.0267773
2010-11-12,-14.916395,-6.7182612,-6.0365396
2010-11-13,-14.916387,-6.700078,-6.0487285
2010-11-14,-14.911362,-6.701306,-6.0591516
2010-11-15,-14.910391,-6.7057357,-6.051718
2010-11-16,-14.910892,-6.7130766,-6.057899
2010-11-17,-14.896368,-6.7150445,-6.06016
2010-11-18,-14.900551,-6.721303,-6.0634775
2010-11-19,-14.909726,-6.727588,-6.0668206
2010-11-20,-14.918335,-6.7154694,-6.073609
2010-11-21,-14.897961,-6.728441,-6.0785356
2010-11-22,-14.9033375,-6.7402797,-6.081948
2010-11-23,-14.910402,-6.750981,-6.0749106
2010-11-24,-14.915461,-6.7509093,-6.065664
2010-11-25,-14.898545,-6.7256517,-6.013406
2010-11-26,-14.905074,-6.660891,-6.0054092
2010-11-27,-14.902149,-6.6430974,-6.0358467
2010-11-28,-14.931449,-6.6373234,-6.063611
2010-11-29,-14.940557,-6.635973,-6.085774
2010-11-30,-14.945865,-6.637323,-6.1052003
2010-12-01,-14.947589,-6.641897,-6.1188874
2010-12-02,-14.94459,-6.64735,-6.1207433
2010-12-03,-14.940254,-6.652436,-6.110409
2010-12-04,-14.931041,-6.6456428,-6.058545
2010-12-05,-14.915338,-6.636098,-6.056158
2010-12-06,-14.886596,-6.6302276,-6.0759854
2010-12-07,-14.892488,-6.622636,-6.093365
2010-12-08,-14.899578,-6.6224837,-6.1071534
2010-12-09,-14.9017935,-6.6243525,-6.101185
2010-12-10,-14.8904085,-6.655723,-6.1003656
2010-12-11,-14.879044,-6.6451507,-6.1302257
2010-12-12,-14.843304,-6.627513,-6.164669
2010-12-13,-14.8740835,-6.6056275,-6.1804614
2010-12-14,-14.893751,-6.5908995,-6.1840706
2010-12-15,-14.90598,-6.583403,-6.1748524
2010-12-16,-14.911904,-6.582773,-6.1575923
2010-12-17,-14.914557,-6.587617,-6.1347833
2010-12-18,-14.916323,-6.5893974,-6.1091647
2010-12-19,-14.915065,-6.6098905,-6.089798
2010-12-20,-14.918766,-6.6206408,-6.0782647
2010-12-21,-14.917176,-6.631099,-6.072251
2010-12-22,-14.912477,-6.643775,-6.070023
2010-12-23,-14.903935,-6.658454,-6.068168
2010-12-24,-14.89367,-6.6728826,-6.051564
2010-12-25,-14.8772335,-6.665299,-6.070247
2010-12-26,-14.854879,-6.658002,-6.0921984
2010-12-27,-14.859353,-6.6524706,-6.1074347
2010-12-28,-14.861635,-6.649642,-6.1179047
2010-12-29,-14.861526,-6.6496224,-6.1246533
2010-12-30,-14.860368,-6.65386,-6.1289673
2010-12-31,-14.858149,-6.664295,-6.126576
2011-01-01,-14.851069,-6.6614747,-6.1246896
2011-01-02,-14.833934,-6.6802664,-6.1239624
2011-01-03,-14.82826,-6.671692,-6.1241198
2011-01-04,-14.818569,-6.669953,-6.1124563
2011-01-05,-14.80716,-6.668891,-6.0957384
2011-01-06,-14.7776785,-6.651098,-6.0784163
2011-01-07,-14.774889,-6.6370254,-6.106918
2011-01-08,-14.762636,-6.5831394,-6.138836
2011-01-09,-14.764055,-6.5586166,-6.1630964
2011-01-10,-14.777385,-6.5313063,-6.1834183
2011-01-11,-14.783367,-6.5102882,-6.184432
2011-01-12,-14.782998,-6.4912767,-6.1724124
2011-01-13,-14.780541,-6.472801,-6.159343
2011-01-14,-14.744366,-6.43939,-6.17144
2011-01-15,-14.735342,-6.3868294,-6.167228
2011-01-16,-14.744252,-6.3627877,-6.159985
2011-01-17,-14.7557955,-6.322396,-6.103922
2011-01-18,-14.727077,-6.2269254,-6.1279397
2011-01-19,-14.683876,-6.112364,-6.167113
2011-01-20,-14.689482,-6.0389547,-6.17486
2011-01-21,-14.700557,-5.9910803,-6.1439543
2011-01-22,-14.70301,-5.9567986,-6.0741196
2011-01-23,-14.693926,-5.9412985,-5.980349
2011-01-24,-14.688334,-5.937929,-5.878322
2011-01-25,-14.6739435,-5.9437904,-5.7863817
2011-01-26,-14.667871,-5.9543333,-5.6573105
2011-01-27,-14.664542,-5.9704123,-5.5235443
2011-01-28,-14.661944,-5.989547,-5.3889766
2011-01-29,-14.65937,-6.0037327,-5.2732534
2011-01-30,-14.652516,-6.0218644,-5.182174
2011-01-31,-14.647583,-6.044671,-5.106722
2011-02-01,-14.644857,-6.068535,-5.040214
2011-02-02,-14.638786,-6.0900965,-5.0099015
2011-02-03,-14.634375,-6.1057186,-4.9484773
2011-02-04,-14.634236,-6.115333,-4.8880754
2011-02-05,-14.622095,-6.111635,-4.84061
2011-02-06,-14.612838,-6.0937304,-4.8550506
2011-02-07,-14.605788,-6.0748796,-4.881877
2011-02-08,-14.615909,-6.067008,-4.910853
2011-02-09,-14.6274395,-6.067647,-4.939586
2011-02-10,-14.636098,-6.074941,-4.970064
2011-02-11,-14.642423,-6.0866036,-4.9928827
2011-02-12,-14.647158,-6.0909505,-5.022923
2011-02-13,-14.64774,-6.1034245,-5.050806
2011-02-14,-14.648073,-6.1184807,-5.0800495
2011-02-15,-14.649062,-6.1346307,-5.108296
2011-02-16,-14.649361,-6.151743,-5.1391163
2011-02-17,-14.648146,-6.172528,-5.1971703
2011-02-18,-14.643748,-6.1914434,-5.2217145
2011-02-19,-14.640291,-6.200645,-5.2529545
2011-02-20,-14.638665,-6.2177877,-5.2845182
2011-02-21,-14.637794,-6.236221,-5.3137245
2011-02-22,-14.634571,-6.252968,-5.336224
2011-02-23,-14.628825,-6.267339,-5.357071
2011-02-24,-14.620709,-6.279012,-5.3810854
2011-02-25,-14.611179,-6.287985,-5.399044
2011-02-26,-14.601248,-6.2817,-5.4190383
2011-02-27,-14.587862,-6.284936,-5.4311733
2011-02-28,-14.57657,-6.2876973,-5.420852
2011-03-01,-14.563729,-6.287643,-5.4260616
2011-03-02,-14.544881,-6.28353,-5.43848
2011-03-03,-14.541307,-6.2796845,-5.4342866
2011-03-04,-14.5390215,-6.2738466,-5.4352813
2011-03-05,-14.532754,-6.2563114,-5.4442058
2011-03-06,-14.526008,-6.2490735,-5.4416275
2011-03-07,-14.519291,-6.2420692,-5.4311523
2011-03-08,-14.510254,-6.2474203,-5.4431725
2011-03-09,-14.5175705,-6.277959,-5.4441237
2011-03-10,-14.535249,-6.307532,-5.4535623
2011-03-11,-14.540229,-6.31946,-5.457751
2011-03-12,-14.546072,-6.306638,-5.4183297
2011-03-13,-14.543259,-6.301035,-5.2991886
2011-03-14,-14.532901,-6.248761,-5.3079867
2011-03-15,-14.530553,-6.231096,-5.3043375
2011-03-16,-14.5421295,-6.215859,-5.308186
2011-03-17,-14.546769,-6.2065864,-5.312357
2011-03-18,-14.545374,-6.1996846,-5.2977967
2011-03-19,-14.542262,-6.184418,-5.282475
2011-03-20,-14.531653,-6.175694,-5.214043
2011-03-21,-14.5252075,-6.1587815,-5.1789308
2011-03-22,-14.510118,-6.1466513,-5.1673503
2011-03-23,-14.505958,-6.136848,-5.1406474
2011-03-24,-14.503739,-6.1245155,-4.9784565
2011-03-25,-14.481335,-6.0625815,-4.9593577
2011-03-26,-14.474967,-6.016374,-4.8810873
2011-03-27,-14.480953,-5.9784384,-4.8740535
2011-03-28,-14.488395,-5.95014,-4.87406
2011-03-29,-14.506404,-5.9336596,-4.8484807
2011-03-30,-14.518779,-5.920503,-4.836001
2011-03-31,-14.518782,-5.910061,-4.8543563
2011-04-01,-14.529263,-5.903666,-4.865889
2011-04-02,-14.5396805,-5.9001307,-4.889503
2011-04-03,-14.5388365,-5.904538,-4.902804
2011-04-04,-14.534857,-5.910602,-4.918079
2011-04-05,-14.524324,-5.917939,-4.9202256
2011-04-06,-14.512365,-5.9244204,-4.925986
2011-04-07,-14.500925,-5.9306903,-4.93699
2011-04-08,-14.495417,-5.937071,-4.935293
2011-04-09,-14.488746,-5.9409475,-4.939204
2011-04-10,-14.475885,-5.945076,-4.9467435
2011-04-11,-14.471309,-5.959177,-4.939681
2011-04-12,-14.463473,-5.972839,-4.9106226
2011-04-13,-14.44763,-5.9783325,-4.8684416
2011-04-14,-14.443326,-5.9712586,-4.843742
2011-04-15,-14.418241,-5.949116,-4.82323
2011-04-16,-14.42873,-5.906931,-4.815161
2011-04-17,-14.422078,-5.88297,-4.8068333
2011-04-18,-14.4215,-5.862711,-4.8273816
2011-04-19,-14.43041,-5.8506427,-4.82578
2011-04-20,-14.439741,-5.8511467,-4.7015433
2011-04-21,-14.424963,-5.804798,-4.731567
2011-04-22,-14.417755,-5.7650967,-4.758592
2011-04-23,-14.423748,-5.7481055,-4.713782
2011-04-24,-14.418648,-5.722829,-4.6717157
2011-04-25,-14.398771,-5.68194,-4.703831
2011-04-26,-14.392484,-5.6625113,-4.737052
2011-04-27,-14.396177,-5.662235,-4.766145
2011-04-28,-14.393413,-5.6687546,-4.7981896
2011-04-29,-14.390996,-5.679268,-4.806552
2011-04-30,-14.384018,-5.685946,-4.8306766
2011-05-01,-14.371371,-5.7027535,-4.8154387
2011-05-02,-14.36209,-5.720549,-4.829051
2011-05-03,-14.350634,-5.729325,-4.8652024
2011-05-04,-14.3459635,-5.745097,-4.907104
2011-05-05,-14.342706,-5.760194,-4.9602118
2011-05-06,-14.3386,-5.779965,-5.0086026
2011-05-07,-14.333871,-5.799735,-5.056441
2011-05-08,-14.32364,-5.825062,-5.0950146
2011-05-09,-14.3194275,-5.8459387,-5.138967
2011-05-10,-14.311914,-5.8679647,-5.185372
2011-05-11,-14.307648,-5.891145,-5.2345543
2011-05-12,-14.302732,-5.9148397,-5.2858663
2011-05-13,-14.297662,-5.9383183,-5.3307576
2011-05-14,-14.292441,-5.9558344,-5.361084
2011-05-15,-14.283417,-5.9751444,-5.39389
2011-05-16,-14.27793,-5.991455,-5.420079
2011-05-17,-14.274706,-6.0072656,-5.450732
2011-05-18,-14.272073,-6.022043,-5.4766183
2011-05-19,-14.26917,-6.0366135,-5.4288087
2011-05-20,-14.2677765,-6.0463266,-5.330626
2011-05-21,-14.254846,-6.033097,-5.2877383
2011-05-22,-14.253336,-6.0175595,-5.208907
2011-05-23,-14.262873,-5.9733043,-5.2150273
2011-05-24,-14.255361,-5.9573207,-5.1710296
2011-05-25,-14.275794,-5.9513693,-5.182183
2011-05-26,-14.283102,-5.929742,-5.1871243
2011-05-27,-14.298502,-5.926119,-5.183068
2011-05-28,-14.304041,-5.9303617,-5.1985836
2011-05-29,-14.297965,-5.948771,-5.2341647
2011-05-30,-14.294687,-5.974759,-5.281875
2011-05-31,-14.290143,-5.9978714,-5.2309027
2011-06-01,-14.287011,-6.010376,-5.1509643
2011-06-02,-14.276236,-6.0121336,-5.138888
2011-06-03,-14.264794,-6.0054016,-5.14598
2011-06-04,-14.284656,-6.0026665,-5.1598024
2011-06-05,-14.28709,-6.0071464,-5.1753283
2011-06-06,-14.290223,-6.013079,-5.1951337
2011-06-07,-14.289199,-6.020683,-5.173126
2011-06-08,-14.285727,-6.0237837,-5.201659
2011-06-09,-14.268329,-6.032037,-5.226597
2011-06-10,-14.26766,-6.043537,-5.211486
2011-06-11,-14.266232,-6.048823,-5.2042837
2011-06-12,-14.252386,-6.049989,-5.2290187
2011-06-13,-14.250767,-6.0520253,-5.269805
2011-06-14,-14.250058,-6.0593324,-5.269029
2011-06-15,-14.252363,-6.061047,-5.2227993
2011-06-16,-14.246988,-6.0561776,-5.1547775
2011-06-17,-14.238516,-6.0171843,-5.1666365
2011-06-18,-14.250005,-5.9960957,-5.1692386
2011-06-19,-14.258072,-5.9899263,-5.1560993
2011-06-20,-14.26331,-5.9901648,-5.1729946
2011-06-21,-14.263066,-5.983556,-5.2260165
2011-06-22,-14.28161,-6.000489,-5.2799954
2011-06-23,-14.286886,-6.0203233,-5.353177
2011-06-24,-14.289409,-6.0427527,-5.3952436
2011-06-25,-14.29047,-6.0572033,-5.473264
2011-06-26,-14.279212,-6.0788517,-5.5592065
2011-06-27,-14.275621,-6.098088,-5.6520514
2011-06-28,-14.271511,-6.1153007,-5.7439966
2011-06-29,-14.268849,-6.1307335,-5.8253527
2011-06-30,-14.267113,-6.144585,-5.879954
2011-07-01,-14.266743,-6.1597357,-5.934427
2011-07-02,-14.264215,-6.16727,-5.9797955
2011-07-03,-14.259005,-6.178245,-6.0296836
2011-07-04,-14.261724,-6.2022786,-6.04087
2011-07-05,-14.275722,-6.225884,-6.0876927
2011-07-06,-14.284343,-6.252327,-6.1307473
2011-07-07,-14.295311,-6.2688856,-6.1721377
2011-07-08,-14.30786,-6.2791905,-6.2110624
2011-07-09,-14.320604,-6.278889,-6.2547235
2011-07-10,-14.322888,-6.281773,-6.296428
2011-07-11,-14.333724,-6.280078,-6.342565
2011-07-12,-14.346465,-6.2799306,-6.3893943
2011-07-13,-14.359263,-6.282682,-6.4352636
2011-07-14,-14.371091,-6.2870054,-6.4824576
2011-07-15,-14.382266,-6.2941766,-6.516001
2011-07-16,-14.391566,-6.2876077,-6.554156
2011-07-17,-14.392849,-6.2898526,-6.5983834
2011-07-18,-14.399201,-6.29511,-6.65801
2011-07-19,-14.41123,-6.306919,-6.709977
2011-07-20,-14.422227,-6.3163214,-6.755942
2011-07-21,-14.431404,-6.32463,-6.7968745
2011-07-22,-14.438537,-6.3344264,-6.829952
2011-07-23,-14.446151,-6.3334484,-6.841354
2011-07-24,-14.446501,-6.338484,-6.8647118
2011-07-25,-14.451415,-6.3437953,-6.89616
2011-07-26,-14.458299,-6.352719,-6.929169
2011-07-27,-14.465884,-6.3621893,-6.958518
2011-07-28,-14.472669,-6.3695197,-6.9888616
2011-07-29,-14.479352,-6.378686,-7.021974
2011-07-30,-14.485376,-6.381403,-7.0112925
2011-07-31,-14.485216,-6.3955927,-7.0859256
2011-08-01,-14.491869,-6.41381,-7.160113
2011-08-02,-14.502175,-6.4348993,-7.182892
2011-08-03,-14.515792,-6.4575667,-7.193274
2011-08-04,-14.531824,-6.47541,-7.2569447
2011-08-05,-14.5493,-6.4949846,-7.3071804
2011-08-06,-14.564474,-6.4951506,-7.357154
2011-08-07,-14.572388,-6.5003457,-7.398666
2011-08-08,-14.581085,-6.501835,-7.438741
2011-08-09,-14.589609,-6.506584,-7.426073
2011-08-10,-14.596704,-6.5127287,-7.461564
2011-08-11,-14.60403,-6.515482,-7.4884553
2011-08-12,-14.611271,-6.5177712,-7.514009
2011-08-13,-14.619409,-6.5066004,-7.555391
2011-08-14,-14.623833,-6.506773,-7.582871
2011-08-15,-14.629549,-6.5050473,-7.5923533
2011-08-16,-14.634984,-6.50124,-7.6147523
2011-08-17,-14.63947,-6.502728,-7.5590944
2011-08-18,-14.644286,-6.4869494,-7.53743
2011-08-19,-14.643544,-6.472215,-7.55217
2011-08-20,-14.654758,-6.4533286,-7.6000648
2011-08-21,-14.663757,-6.4541683,-7.638614
2011-08-22,-14.675749,-6.4610863,-7.667
2011-08-23,-14.684024,-6.470028,-7.6984854
2011-08-24,-14.688414,-6.480864,-7.727101
2011-08-25,-14.693152,-6.490313,-7.710471
2011-08-26,-14.699415,-6.4888606,-7.727174
2011-08-27,-14.702283,-6.481904,-7.7400737
2011-08-28,-14.710315,-6.4852414,-7.7571154
2011-08-29,-14.71583,-6.4912205,-7.7900977
2011-08-30,-14.719779,-6.502821,-7.822593
2011-08-31,-14.724915,-6.5160785,-7.861172
2011-09-01,-14.731897,-6.5328717,-7.895955
2011-09-02,-14.739629,-6.5486445,-7.9221945
2011-09-03,-14.747651,-6.549359,-7.9675746
2011-09-04,-14.752773,-6.5643263,-7.993447
2011-09-05,-14.759382,-6.573917,-8.007585
2011-09-06,-14.769165,-6.5814342,-8.01819
2011-09-07,-14.780586,-6.5882673,-8.013104
2011-09-08,-14.792879,-6.5926,-8.022496
2011-09-09,-14.800732,-6.5941753,-8.019305
2011-09-10,-14.808501,-6.58075,-8.052381
2011-09-11,-14.8123255,-6.5842943,-8.087087
2011-09-12,-14.82728,-6.5893497,-8.121556
2011-09-13,-14.844413,-6.5970025,-8.145715
2011-09-14,-14.853367,-6.601896,-8.159713
2011-09-15,-14.857777,-6.6037664,-7.9788723
2011-09-16,-14.862306,-6.590511,-7.9207997
2011-09-17,-14.855163,-6.5607123,-7.9300904
2011-09-18,-14.85904,-6.550891,-8.001635
2011-09-19,-14.889004,-6.5378175,-8.031806
2011-09-20,-14.905355,-6.534277,-8.0645075
2011-09-21,-14.916307,-6.535539,-8.052046
2011-09-22,-14.921946,-6.531004,-8.059905
2011-09-23,-14.920642,-6.5247316,-8.059683
2011-09-24,-14.933455,-6.514801,-8.06982
2011-09-25,-14.931645,-6.512452,-8.0736685
2011-09-26,-14.933794,-6.5121846,-8.0684395
2011-09-27,-14.933897,-6.5153084,-8.074059
2011-09-28,-14.93608,-6.519154,-8.06428
2011-09-29,-14.9370985,-6.522656,-8.057779
2011-09-30,-14.943676,-6.526747,-8.061145
2011-10-01,-14.953733,-6.523252,-8.079281
2011-10-02,-14.957794,-6.528434,-8.079396
2011-10-03,-14.959331,-6.530614,-8.068666
2011-10-04,-14.95734,-6.5268474,-8.051946
2011-10-05,-14.945442,-6.522934,-8.004381
2011-10-06,-14.932884,-6.5039506,-7.9866076
2011-10-07,-14.921515,-6.497063,-8.002636
2011-10-08,-14.929918,-6.4888487,-8.022069
2011-10-09,-14.929718,-6.4913845,-8.03964
2011-10-10,-14.933334,-6.494586,-8.046792
2011-10-11,-14.939699,-6.5014863,-8.051617
2011-10-12,-14.940207,-6.511175,-8.063072
2011-10-13,-14.940041,-6.5222635,-8.084978
2011-10-14,-14.9439125,-6.534461,-8.109953
2011-10-15,-14.948499,-6.5370517,-8.1357355
2011-10-16,-14.94912,-6.548113,-8.1536255
2011-10-17,-14.951046,-6.555556,-8.159037
2011-10-18,-14.950408,-6.5584693,-8.136109
2011-10-19,-14.951704,-6.5538483,-8.093966
2011-10-20,-14.936858,-6.5260754,-8.079066
2011-10-21,-14.960246,-6.5220556,-8.06163
2011-10-22,-14.972041,-6.5087967,-8.054646
2011-10-23,-14.974908,-6.51224,-8.01947
2011-10-24,-14.980424,-6.5060043,-7.9936523
2011-10-25,-14.9782715,-6.5097594,-7.9678297
2011-10-26,-14.997961,-6.5131583,-7.9505796
2011-10-27,-15.009157,-6.518106,-7.928153
2011-10-28,-15.0166235,-6.5200024,-7.9351997
2011-10-29,-15.020351,-6.5173144,-7.933775
2011-10-30,-15.031639,-6.5205374,-7.91386
2011-10-31,-15.030007,-6.498761,-7.692982
2011-11-01,-14.959735,-6.3903375,-7.588114
2011-11-02,-14.932459,-6.2854323,-7.492808
2011-11-03,-14.984607,-6.2202163,-7.5446076
2011-11-04,-14.956046,-6.174523,-7.4262967
2011-11-05,-15.000565,-6.1521015,-7.380399
2011-11-06,-15.003031,-6.133842,-7.3370795
2011-11-07,-14.998632,-6.109397,-7.274183
2011-11-08,-14.96292,-6.092199,-7.199333
2011-11-09,-14.987566,-6.0782027,-7.170121
2011-11-10,-14.998969,-6.0677147,-7.1442666
2011-11-11,-14.996634,-6.061672,-7.117691
2011-11-12,-14.989212,-6.054171,-7.087937
2011-11-13,-14.976558,-6.0540752,-7.0375066
2011-11-14,-14.967152,-6.056236,-6.8805814
2011-11-15,-14.942072,-5.99915,-6.7904572
2011-11-16,-14.872182,-5.9375396,-6.753053
2011-11-17,-14.901018,-5.9086547,-6.739528
2011-11-18,-14.908577,-5.9036155,-6.733735
2011-11-19,-14.917046,-5.8959765,-6.710084
2011-11-20,-14.899975,-5.8980665,-6.6723857
2011-11-21,-14.886282,-5.903338,-6.6236095
2011-11-22,-14.870408,-5.91102,-6.5692816
2011-11-23,-14.857124,-5.923346,-6.5016856
2011-11-24,-14.844839,-5.9340415,-6.438016
2011-11-25,-14.824317,-5.9473457,-6.3850584
2011-11-26,-14.811006,-5.956157,-6.3035846
2011-11-27,-14.798497,-5.9502635,-6.2285037
2011-11-28,-14.75587,-5.925004,-6.171612
2011-11-29,-14.768084,-5.913215,-6.1315994
2011-11-30,-14.789979,-5.9129467,-5.984595
2011-12-01,-14.807299,-5.8640594,-5.8045306
2011-12-02,-14.758498,-5.770659,-5.5109925
2011-12-03,-14.748578,-5.59682,-5.230642
2011-12-04,-14.746686,-5.3456006,-5.1536775
2011-12-05,-14.740224,-5.16099,-5.0883894
2011-12-06,-14.748484,-5.0934315,-5.0344505
2011-12-07,-14.736978,-5.068444,-4.759256
2011-12-08,-14.709854,-4.857038,-4.758278
2011-12-09,-14.709849,-4.745744,-4.6743574
2011-12-10,-14.726485,-4.687594,-4.6565948
2011-12-11,-14.710514,-4.705216,-4.630652
2011-12-12,-14.701854,-4.7089667,-4.5410123
2011-12-13,-14.694494,-4.6939645,-4.5298533
2011-12-14,-14.636885,-4.662949,-4.5155907
2011-12-15,-14.632218,-4.629571,-4.5207615
2011-12-16,-14.64682,-4.6624384,-4.5011525
2011-12-17,-14.650595,-4.667418,-4.3732824
2011-12-18,-14.640949,-4.6238956,-4.33303
2011-12-19,-14.610381,-4.5620556,-4.3393245
2011-12-20,-14.603767,-4.542809,-4.3635583
2011-12-21,-14.638255,-4.5538483,-4.4045672
2011-12-22,-14.665645,-4.584226,-4.4485884
2011-12-23,-14.68197,-4.6225195,-4.4762144
2011-12-24,-14.690711,-4.6283255,-4.5191927
2011-12-25,-14.689605,-4.693004,-4.5598154
2011-12-26,-14.692094,-4.728883,-4.5955133
2011-12-27,-14.690758,-4.7643814,-4.6224303
2011-12-28,-14.689056,-4.797597,-4.6474895
2011-12-29,-14.681234,-4.841724,-4.6699653
2011-12-30,-14.679218,-4.8819165,-4.678357
2011-12-31,-14.677362,-4.926676,-4.693319
2012-01-01,-14.670123,-4.9779615,-4.705848
2012-01-02,-14.667719,-5.022705,-4.7284617
2012-01-03,-14.664984,-5.0974765,-4.6495976
2012-01-04,-14.623522,-5.1336956,-4.6894455
2012-01-05,-14.598616,-5.1565304,-4.7080398
2012-01-06,-14.603549,-5.2062297,-4.7224464
2012-01-07,-14.606605,-5.2617655,-4.741899
2012-01-08,-14.605245,-5.293344,-4.7591352
2012-01-09,-14.606091,-5.312433,-4.678685
2012-01-10,-14.601902,-5.341244,-4.6850247
2012-01-11,-14.563557,-5.321131,-4.722998
2012-01-12,-14.56431,-5.3456416,-4.742633
2012-01-13,-14.583366,-5.3763356,-4.759401
2012-01-14,-14.593341,-5.406582,-4.776435
2012-01-15,-14.593635,-5.435903,-4.788909
2012-01-16,-14.593556,-5.467002,-4.7767234
2012-01-17,-14.587629,-5.500157,-4.792791
2012-01-18,-14.571826,-5.5196686,-4.806996
2012-01-19,-14.56533,-5.534376,-4.8142624
2012-01-20,-14.560514,-5.5451484,-4.7963176
2012-01-21,-14.559884,-5.5784426,-4.759643
2012-01-22,-14.540482,-5.587725,-4.519747
2012-01-23,-14.51911,-5.4160624,-4.488611
2012-01-24,-14.485369,-5.2150083,-4.4575086
2012-01-25,-14.489538,-5.1697693,-4.418353
2012-01-26,-14.470107,-5.1368995,-4.3981457
2012-01-27,-14.438849,-5.0732584,-4.4574823
2012-01-28,-14.420737,-5.038096,-4.4875126
2012-01-29,-14.425444,-5.0105243,-4.5364194
2012-01-30,-14.421656,-5.020598,-4.581902
2012-01-31,-14.433065,-5.0384383,-4.621526
2012-02-01,-14.442427,-5.069442,-4.6553817
2012-02-02,-14.4513,-5.1025896,-4.6880355
2012-02-03,-14.45932,-5.1341925,-4.708628
2012-02-04,-14.463827,-5.1568246,-4.570453
2012-02-05,-14.459518,-5.210338,-4.5866013
2012-02-06,-14.391888,-5.1228914,-4.620481
2012-02-07,-14.419531,-5.083803,-4.6188364
2012-02-08,-14.430975,-5.0794463,-4.500006
2012-02-09,-14.428341,-4.973791,-4.4694624
2012-02-10,-14.350317,-4.815755,-4.476527
2012-02-11,-14.386152,-4.725306,-4.5222697
2012-02-12,-14.393636,-4.72521,-4.517541
2012-02-13,-14.413963,-4.7213697,-4.544366
2012-02-14,-14.402276,-4.709138,-4.565754
2012-02-15,-14.416456,-4.710135,-4.589496
2012-02-16,-14.422866,-4.7291527,-4.6121845
2012-02-17,-14.426041,-4.7338667,-4.623091
2012-02-18,-14.429128,-4.7450385,-4.6448092
2012-02-19,-14.431965,-4.7548385,-4.6467743
2012-02-20,-14.439818,-4.7597365,-4.649646
2012-02-21,-14.43839,-4.7584,-4.6551795
2012-02-22,-14.444946,-4.7540283,-4.669408
2012-02-23,-14.446626,-4.7568493,-4.6869273
2012-02-24,-14.44674,-4.7537746,-4.688809
2012-02-25,-14.447422,-4.760798,-4.6996717
2012-02-26,-14.442095,-4.756354,-4.7042136
2012-02-27,-14.437419,-4.7424393,-4.7135663
2012-02-28,-14.432453,-4.7513504,-4.7195745
2012-02-29,-14.430073,-4.7213163,-4.727959
2012-03-01,-14.425514,-4.6819534,-4.7330685
2012-03-02,-14.418462,-4.639825,-4.621347
2012-03-03,-14.410221,-4.817461,-4.621351
2012-03-04,-14.337942,-4.894428,-4.5774736
2012-03-05,-14.337668,-4.9360347,-4.2904577
2012-03-06,-14.325186,-5.6975,-4.1845164
2012-03-07,-14.171767,-5.9974732,-4.2966514
2012-03-08,-14.223692,-6.0354915,-4.335038
2012-03-09,-14.292037,-6.041683,-4.3401914
2012-03-10,-14.321795,-6.0506043,-4.367764
2012-03-11,-14.333651,-6.0699487,-4.378651
2012-03-12,-14.346958,-6.0689206,-4.395427
2012-03-13,-14.355996,-6.0675616,-4.41545
2012-03-14,-14.359769,-6.069654,-4.4366117
2012-03-15,-14.361863,-6.0712285,-4.465061
2012-03-16,-14.360384,-6.0708475,-4.4871
2012-03-17,-14.355636,-6.0700917,-4.5217
2012-03-18,-14.342239,-6.0738316,-4.5542336
2012-03-19,-14.334307,-6.076844,-4.5883026
2012-03-20,-14.326046,-6.080287,-4.605473
2012-03-21,-14.318542,-6.083082,-4.623249
2012-03-22,-14.306053,-6.083166,-4.6431565
2012-03-23,-14.295901,-6.0822725,-4.6645045
2012-03-24,-14.283902,-6.079434,-4.69477
2012-03-25,-14.264675,-6.0792794,-4.700438
2012-03-26,-14.253784,-6.0813236,-4.7071667
2012-03-27,-14.23792,-6.082007,-4.7356763
2012-03-28,-14.222771,-6.0833616,-4.753534
2012-03-29,-14.215252,-6.085028,-4.713215
2012-03-30,-14.20688,-6.094657,-4.454132
2012-03-31,-14.167036,-6.132319,-4.5010867
2012-04-01,-14.152026,-6.0829473,-4.4605174
2012-04-02,-14.2133465,-6.0893087,-4.40573
2012-04-03,-14.205203,-6.0845337,-4.37761
2012-04-04,-14.20421,-6.0701,-4.380887
2012-04-05,-14.208999,-6.0704203,-4.360923
2012-04-06,-14.195656,-6.077222,-4.332175
2012-04-07,-14.177988,-6.0792656,-4.3246818
2012-04-08,-14.145562,-6.0830193,-4.3217287
2012-04-09,-14.131616,-6.086204,-4.326823
2012-04-10,-14.111214,-6.0884256,-4.330543
2012-04-11,-14.094265,-6.0906696,-4.3542895
2012-04-12,-14.073792,-6.092901,-4.3754964
2012-04-13,-14.063131,-6.09436,-4.3981676
2012-04-14,-14.051318,-6.093738,-4.4261203
2012-04-15,-14.025823,-6.0936966,-4.452609
2012-04-16,-14.0155115,-6.092507,-4.490288
2012-04-17,-14.004422,-6.0911627,-4.4304557
2012-04-18,-14.0022335,-6.0894537,-4.443689
2012-04-19,-13.981364,-6.0813484,-4.477856
2012-04-20,-14.023048,-6.070614,-4.457983
2012-04-21,-14.052655,-6.0649185,-4.514233
2012-04-22,-14.05224,-6.068905,-4.5531607
2012-04-23,-14.060446,-6.0769205,-4.5866942
2012-04-24,-14.048551,-6.0859666,-4.6188517
2012-04-25,-14.029388,-6.0895634,-4.6452146
2012-04-26,-14.010335,-6.0906086,-4.6800046
2012-04-27,-14.009988,-6.090944,-4.661965
2012-04-28,-13.996886,-6.0867968,-4.6568923
2012-04-29,-13.968123,-6.084578,-4.667805
2012-04-30,-13.98115,-6.0836554,-4.658335
2012-05-01,-13.983571,-6.081045,-4.685216
2012-05-02,-13.976912,-6.077163,-4.740911
2012-05-03,-14.002849,-6.0774994,-4.789807
2012-05-04,-14.009655,-6.0773315,-4.825544
2012-05-05,-14.0165205,-6.076696,-4.854382
2012-05-06,-14.011132,-6.0778823,-4.8861322
2012-05-07,-14.012419,-6.0803576,-4.925107
2012-05-08,-14.019427,-6.0819345,-4.968954
2012-05-09,-14.0211115,-6.082599,-5.013825
2012-05-10,-14.025354,-6.0833035,-5.0617228
2012-05-11,-14.028947,-6.0840855,-5.109359
2012-05-12,-14.032746,-6.084687,-5.159792
2012-05-13,-14.024555,-6.085657,-5.2122145
2012-05-14,-14.030648,-6.085935,-5.267575
2012-05-15,-14.0343485,-6.0859766,-5.3174553
2012-05-16,-14.037898,-6.08554,-5.3579593
2012-05-17,-14.03804,-6.0849447,-5.404914
2012-05-18,-14.040626,-6.0848255,-5.450233
2012-05-19,-14.040353,-6.084815,-5.500814
2012-05-20,-14.035001,-6.0848074,-5.5498605
2012-05-21,-14.043299,-6.0844493,-5.600032
2012-05-22,-14.047233,-6.0839214,-5.6510115
2012-05-23,-14.053797,-6.083677,-5.699931
2012-05-24,-14.059916,-6.08308,-5.749269
2012-05-25,-14.066576,-6.0824766,-5.7898774
2012-05-26,-14.072101,-6.0813417,-5.8360195
2012-05-27,-14.067535,-6.081355,-5.875748
2012-05-28,-14.0759325,-6.0801773,-5.831684
2012-05-29,-14.079501,-6.078547,-5.8046403
2012-05-30,-14.087762,-6.077844,-5.8173084
2012-05-31,-14.08937,-6.078752,-5.833235
2012-06-01,-14.085124,-6.07768,-5.7974677
2012-06-02,-14.082255,-6.076096,-5.7754917
2012-06-03,-14.060272,-6.0784416,-5.758769
2012-06-04,-14.059663,-6.0850415,-5.774441
2012-06-05,-14.048521,-6.091388,-5.8035316
2012-06-06,-14.04901,-6.0939293,-5.852593
2012-06-07,-14.045641,-6.094964,-5.8579154
2012-06-08,-14.047365,-6.0961185,-5.8658485
2012-06-09,-14.043369,-6.095499,-5.907997
2012-06-10,-14.045778,-6.095533,-5.963527
2012-06-11,-14.052464,-6.095094,-6.021116
2012-06-12,-14.063818,-6.0943227,-6.080539
2012-06-13,-14.073317,-6.0937014,-6.1420965
2012-06-14,-14.08181,-6.0930753,-6.2064137
2012-06-15,-14.090907,-6.092429,-6.261555
2012-06-16,-14.100591,-6.091391,-6.3175745
2012-06-17,-14.101484,-6.09131,-6.3724027
2012-06-18,-14.112819,-6.0911813,-6.42433
2012-06-19,-14.121386,-6.09117,-6.4716816
2012-06-20,-14.129516,-6.091182,-6.515062
2012-06-21,-14.135313,-6.09066,-6.497412
2012-06-22,-14.14206,-6.0908585,-6.4208326
2012-06-23,-14.132207,-6.0931816,-6.4457664
2012-06-24,-14.114932,-6.0962796,-6.4428444
2012-06-25,-14.121205,-6.097781,-6.48961
2012-06-26,-14.123335,-6.0995307,-6.539878
2012-06-27,-14.12285,-6.099274,-6.580824
2012-06-28,-14.123174,-6.0982685,-6.582179
2012-06-29,-14.123089,-6.0977526,-6.607814
2012-06-30,-14.118706,-6.0975885,-6.64787
2012-07-01,-14.106387,-6.0983434,-6.676177
2012-07-02,-14.106426,-6.0986032,-6.713901
2012-07-03,-14.113799,-6.098856,-6.715053
2012-07-04,-14.12856,-6.099444,-6.7269816
2012-07-05,-14.145702,-6.0976906,-6.7577734
2012-07-06,-14.158414,-6.095466,-6.751774
2012-07-07,-14.168239,-6.0928187,-6.692834
2012-07-08,-14.156259,-6.089422,-6.752056
2012-07-09,-14.156631,-6.0942497,-6.7902746
2012-07-10,-14.161179,-6.0956855,-6.8462768
2012-07-11,-14.176215,-6.0959845,-6.8931103
2012-07-12,-14.183711,-6.0943604,-6.944087
2012-07-13,-14.19182,-6.092944,-6.93059
2012-07-14,-14.196356,-6.0916615,-6.9684334
2012-07-15,-14.204036,-6.0917587,-7.007339
2012-07-16,-14.214938,-6.09246,-7.0474415
2012-07-17,-14.22473,-6.093314,-7.0915003
2012-07-18,-14.235447,-6.094918,-7.1233997
2012-07-19,-14.245225,-6.0951133,-7.1151595
2012-07-20,-14.253787,-6.093224,-7.149812
2012-07-21,-14.261862,-6.091759,-7.1827173
2012-07-22,-14.2611885,-6.0915155,-7.2123513
2012-07-23,-14.271308,-6.0917726,-7.247909
2012-07-24,-14.279468,-6.0930023,-7.2805853
2012-07-25,-14.28675,-6.0940723,-7.345816
2012-07-26,-14.292062,-6.09631,-7.4230824
2012-07-27,-14.308801,-6.095883,-7.500248
2012-07-28,-14.322201,-6.0935345,-7.5803857
2012-07-29,-14.327763,-6.0918827,-7.6313424
2012-07-30,-14.338339,-6.0863047,-7.682277
2012-07-31,-14.348075,-6.08067,-7.711075
2012-08-01,-14.356269,-6.07309,-7.732739
2012-08-02,-14.364618,-6.0654683,-7.79951
2012-08-03,-14.37263,-6.0624723,-7.823834
2012-08-04,-14.377932,-6.0562143,-7.771946
2012-08-05,-14.379802,-6.053397,-7.786354
2012-08-06,-14.388483,-6.0425515,-7.8534393
2012-08-07,-14.398682,-6.031819,-7.91098
2012-08-08,-14.407158,-6.0198917,-7.9655395
2012-08-09,-14.414095,-6.0068274,-8.02061
2012-08-10,-14.419586,-5.9945793,-7.9550858
2012-08-11,-14.424262,-5.9825253,-8.005715
2012-08-12,-14.427544,-5.9774446,-8.035147
2012-08-13,-14.432721,-5.965336,-8.07658
2012-08-14,-14.436239,-5.9511375,-8.088107
2012-08-15,-14.438315,-5.932349,-8.084502
2012-08-16,-14.438798,-5.9122844,-7.909533
2012-08-17,-14.438399,-5.882514,-7.961202
2012-08-18,-14.4402895,-5.88385,-8.019341
2012-08-19,-14.437454,-5.8982167,-8.063396
2012-08-20,-14.436387,-5.926665,-8.128271
2012-08-21,-14.438418,-5.982331,-8.173763
2012-08-22,-14.442425,-6.055264,-8.218711
2012-08-23,-14.448357,-6.1307673,-8.247443
2012-08-24,-14.455256,-6.1988354,-8.24519
2012-08-25,-14.463119,-6.243532,-8.304982
2012-08-26,-14.465402,-6.282626,-8.321555
2012-08-27,-14.472711,-6.3117895,-8.345567
2012-08-28,-14.48011,-6.337883,-8.367961
2012-08-29,-14.488189,-6.359383,-8.383583
2012-08-30,-14.496993,-6.3761673,-8.385558
2012-08-31,-14.505639,-6.3881927,-8.327098
2012-09-01,-14.514301,-6.3853397,-8.352385
2012-09-02,-14.521771,-6.394268,-8.350166
2012-09-03,-14.532524,-6.400872,-8.334752
2012-09-04,-14.544446,-6.4019675,-8.279908
2012-09-05,-14.555738,-6.4024854,-8.272867
2012-09-06,-14.564524,-6.4002304,-8.273305
2012-09-07,-14.573997,-6.397759,-8.244945
2012-09-08,-14.583184,-6.3910513,-8.260505
2012-09-09,-14.588952,-6.3948073,-8.267726
2012-09-10,-14.596839,-6.3966856,-8.260299
2012-09-11,-14.603802,-6.397137,-8.263696
2012-09-12,-14.609144,-6.3988786,-8.280271
2012-09-13,-14.613097,-6.4004617,-8.267537
2012-09-14,-14.615268,-6.399254,-8.249017
2012-09-15,-14.616447,-6.391797,-6.798694
2012-09-16,-14.61338,-6.363157,-6.393044
2012-09-17,-14.596718,-6.3327003,-5.8722763
2012-09-18,-14.607215,-6.2782993,-5.654509
2012-09-19,-14.601662,-6.236618,-5.6218963
2012-09-20,-14.617498,-6.2323594,-5.840693
2012-09-21,-14.626855,-6.2320127,-6.0936933
2012-09-22,-14.633472,-6.2272325,-6.1822
2012-09-23,-14.6335945,-6.253997,-6.5752635
2012-09-24,-14.635701,-6.272981,-6.9562736
2012-09-25,-14.637898,-6.2834444,-7.491728
2012-09-26,-14.638411,-6.2862687,-7.8794374
2012-09-27,-14.634732,-6.285135,-8.11928
2012-09-28,-14.629045,-6.2793846,-8.231825
2012-09-29,-14.622704,-6.2726936,-8.297859
2012-09-30,-14.613292,-6.2713594,-8.324147
2012-10-01,-14.606437,-6.2659664,-8.324235
2012-10-02,-14.600434,-6.2616954,-8.255623
2012-10-03,-14.594843,-6.2549396,-8.224447
2012-10-04,-14.584179,-6.2378025,-8.213438
2012-10-05,-14.580934,-6.22919,-8.134563
2012-10-06,-14.577045,-6.2220793,-8.177961
2012-10-07,-14.568157,-6.2156773,-8.164954
2012-10-08,-14.569888,-6.21312,-8.165388
2012-10-09,-14.570339,-6.2180867,-8.17026
2012-10-10,-14.569255,-6.2238746,-8.1119995
2012-10-11,-14.566252,-6.226418,-7.9889026
2012-10-12,-14.558692,-6.221967,-8.012437
2012-10-13,-14.553974,-6.2166033,-7.6361227
2012-10-14,-14.549526,-6.2187924,-7.790201
2012-10-15,-14.529711,-6.2046785,-7.893325
2012-10-16,-14.542571,-6.201437,-7.973903
2012-10-17,-14.554382,-6.1971016,-8.030771
2012-10-18,-14.56266,-6.199641,-8.072847
2012-10-19,-14.567509,-6.197844,-8.066326
2012-10-20,-14.567416,-6.1970844,-8.086968
2012-10-21,-14.561653,-6.206306,-8.106676
2012-10-22,-14.55852,-6.2158604,-8.03139
2012-10-23,-14.554989,-6.211572,-7.9010224
2012-10-24,-14.5265045,-6.1487765,-7.808465
2012-10-25,-14.541617,-6.1317024,-7.7582498
2012-10-26,-14.57568,-6.134683,-7.8176427
2012-10-27,-14.607838,-6.1408906,-7.8995805
2012-10-28,-14.619769,-6.156642,-7.9589186
2012-10-29,-14.624317,-6.1727033,-7.9962974
2012-10-30,-14.622239,-6.187481,-8.015515
2012-10-31,-14.617571,-6.1965714,-8.029618
2012-11-01,-14.610715,-6.205885,-8.03909
2012-11-02,-14.60317,-6.211743,-8.000291
2012-11-03,-14.5968075,-6.212959,-7.8606396
2012-11-04,-14.585046,-6.2224345,-7.889695
2012-11-05,-14.548434,-6.2066855,-7.6936097
2012-11-06,-14.546041,-6.198575,-7.8312535
2012-11-07,-14.511679,-6.1252294,-7.871567
2012-11-08,-14.524377,-6.0736275,-7.8746314
2012-11-09,-14.548095,-6.049368,-7.57368
2012-11-10,-14.566993,-6.03646,-7.5830727
2012-11-11,-14.519478,-5.9643216,-7.5013013
2012-11-12,-14.55453,-5.923623,-7.47873
2012-11-13,-14.601966,-5.906702,-7.4505916
2012-11-14,-14.628712,-5.9031596,-7.4108534
2012-11-15,-14.643506,-5.90839,-7.3851705
2012-11-16,-14.646243,-5.917209,-7.3523955
2012-11-17,-14.648936,-5.9304624,-7.326772
2012-11-18,-14.645814,-5.944511,-7.3094335
2012-11-19,-14.641952,-5.9571376,-7.3009353
2012-11-20,-14.635243,-5.9701695,-7.2927737
2012-11-21,-14.626368,-5.9830136,-7.28652
2012-11-22,-14.616415,-5.996332,-7.270934
2012-11-23,-14.6068,-6.009331,-7.246108
2012-11-24,-14.597746,-6.019852,-7.2100954
2012-11-25,-14.586609,-6.032159,-7.2011766
2012-11-26,-14.571245,-6.040623,-7.194994
2012-11-27,-14.565209,-6.047451,-7.1867313
2012-11-28,-14.560183,-6.0531907,-7.1408014
2012-11-29,-14.553934,-6.054329,-7.1297073
2012-11-30,-14.532026,-6.0484548,-7.1276484
2012-12-01,-14.525906,-6.0452275,-7.083974
2012-12-02,-14.518366,-6.032756,-7.0531254
2012-12-03,-14.48445,-5.9664235,-7.035689
2012-12-04,-14.482967,-5.931955,-7.035677
2012-12-05,-14.496268,-5.923294,-6.9191637
2012-12-06,-14.5002775,-5.889432,-6.8703847
2012-12-07,-14.479196,-5.88009,-6.8608274
2012-12-08,-14.495772,-5.8822603,-6.8519073
2012-12-09,-14.500477,-5.891151,-6.8002596
2012-12-10,-14.497562,-5.863424,-6.7987566
2012-12-11,-14.485942,-5.8588114,-6.8128624
2012-12-12,-14.4893,-5.8646727,-6.8256655
2012-12-13,-14.485805,-5.876434,-6.8335304
2012-12-14,-14.478768,-5.891578,-6.8249855
2012-12-15,-14.471035,-5.9090567,-6.798992
2012-12-16,-14.464202,-5.928036,-6.799104
2012-12-17,-14.463387,-5.9451094,-6.814818
2012-12-18,-14.459742,-5.9600563,-6.8219843
2012-12-19,-14.458974,-5.974326,-6.846021
2012-12-20,-14.457276,-5.986936,-6.8586955
2012-12-21,-14.458186,-6.001464,-6.863782
2012-12-22,-14.458975,-6.0176735,-6.8027916
2012-12-23,-14.4562025,-6.037422,-6.5602326
2012-12-24,-14.434887,-5.9883323,-6.4411683
2012-12-25,-14.436454,-5.786914,-6.2050242
2012-12-26,-14.506714,-5.5504465,-5.9594555
2012-12-27,-14.5376425,-5.258859,-5.8991776
2012-12-28,-14.608057,-5.1490335,-5.8859816
2012-12-29,-14.654633,-5.1394315,-5.855117
2012-12-30,-14.634914,-5.10305,-5.8413515
2012-12-31,-14.586463,-5.0931435,-5.811631
2013-01-01,-14.566232,-5.0656333,-5.7835364
2013-01-02,-14.530289,-5.026648,-5.686599
2013-01-03,-14.493212,-4.9233904,-5.6836295
2013-01-04,-14.465998,-4.8619537,-5.6852403
2013-01-05,-14.446455,-4.8516603,-5.676578
2013-01-06,-14.425226,-4.8599396,-5.6269164
2013-01-07,-14.408688,-4.846438,-5.5689883
2013-01-08,-14.369311,-4.830735,-5.528578
2013-01-09,-14.341917,-4.8240867,-5.4550567
2013-01-10,-14.345534,-4.810114,-5.3701262
2013-01-11,-14.335642,-4.761586,-5.214673
2013-01-12,-14.320508,-4.7248564,-5.177417
2013-01-13,-14.316848,-4.6883206,-5.13734
2013-01-14,-14.333292,-4.712324,-5.099506
2013-01-15,-14.34371,-4.7282147,-5.0638785
2013-01-16,-14.3551,-4.740477,-5.0361013
2013-01-17,-14.365849,-4.767212,-5.0092235
2013-01-18,-14.378374,-4.7801776,-4.9757977
2013-01-19,-14.390389,-4.7957788,-4.955095
2013-01-20,-14.393055,-4.810408,-4.934289
2013-01-21,-14.401542,-4.813091,-4.91679
2013-01-22,-14.407472,-4.806035,-4.901137
2013-01-23,-14.407555,-4.817335,-4.881592
2013-01-24,-14.407931,-4.820775,-4.8811264
2013-01-25,-14.4056425,-4.82568,-4.871085
2013-01-26,-14.402942,-4.8447814,-4.87964
2013-01-27,-14.395189,-4.861545,-4.882744
2013-01-28,-14.395246,-4.8743386,-4.8697724
2013-01-29,-14.392159,-4.867178,-4.8847685
2013-01-30,-14.386116,-4.8856816,-4.8918605
2013-01-31,-14.378233,-4.903186,-4.8727236
2013-02-01,-14.363643,-5.012537,-4.879036
2013-02-02,-14.326523,-5.0603805,-4.8878403
2013-02-03,-14.320541,-5.1147094,-4.905682
2013-02-04,-14.31393,-5.1650286,-4.9209943
2013-02-05,-14.30994,-5.2118454,-4.9375067
2013-02-06,-14.302685,-5.2696385,-4.8802814
2013-02-07,-14.301393,-5.403063,-4.785218
2013-02-08,-14.258801,-5.478228,-4.8020616
2013-02-09,-14.251068,-5.5194535,-4.8055573
2013-02-10,-14.274349,-5.564493,-4.812394
2013-02-11,-14.281553,-5.6111984,-4.8173246
2013-02-12,-14.281351,-5.616764,-4.814182
2013-02-13,-14.277357,-5.6125317,-4.8131394
2013-02-14,-14.268737,-5.612378,-4.828453
2013-02-15,-14.25875,-5.6068206,-4.839504
2013-02-16,-14.255467,-5.604115,-4.8547196
2013-02-17,-14.247829,-5.60431,-4.860604
2013-02-18,-14.246988,-5.607156,-4.83865
2013-02-19,-14.240203,-5.6227455,-4.754563
2013-02-20,-14.212318,-5.650084,-4.7444406
2013-02-21,-14.190843,-5.6390333,-4.6445026
2013-02-22,-14.197252,-5.5844965,-4.6930633
2013-02-23,-14.217052,-5.5741086,-4.6962214
2013-02-24,-14.23542,-5.564168,-4.640657
2013-02-25,-14.244131,-5.5380397,-4.707209
2013-02-26,-14.233935,-5.5082617,-4.7275767
2013-02-27,-14.263365,-5.4875174,-4.705008
2013-02-28,-14.272357,-5.463014,-4.7465034
2013-03-01,-14.24879,-5.43812,-4.758413
2013-03-02,-14.262763,-5.42631,-4.775967
2013-03-03,-14.261736,-5.423569,-4.7745204
2013-03-04,-14.25256,-5.420385,-4.784791
2013-03-05,-14.248682,-5.405755,-4.7081146
2013-03-06,-14.239907,-5.393399,-4.742302
2013-03-07,-14.204903,-5.3897114,-4.7446237
2013-03-08,-14.227596,-5.392995,-4.7427535
2013-03-09,-14.237652,-5.41041,-4.7487063
2013-03-10,-14.237671,-5.4265876,-4.7537456
2013-03-11,-14.239471,-5.4461665,-4.7572584
2013-03-12,-14.236608,-5.448182,-4.767147
2013-03-13,-14.228103,-5.476426,-4.7837462
2013-03-14,-14.217929,-5.4940825,-4.81292
2013-03-15,-14.2087965,-5.5021486,-4.828329
2013-03-16,-14.208983,-5.5126038,-4.8513074
2013-03-17,-14.198128,-5.525912,-4.872886
2013-03-18,-14.19675,-5.5377235,-4.8987303
2013-03-19,-14.197343,-5.5489006,-4.9254193
2013-03-20,-14.201438,-5.5591035,-4.949309
2013-03-21,-14.205342,-5.5751615,-4.9687333
2013-03-22,-14.207475,-5.597084,-4.969315
2013-03-23,-14.205535,-5.6267796,-4.9378443
2013-03-24,-14.188616,-5.66662,-4.9541564
2013-03-25,-14.169139,-5.684741,-4.9658093
2013-03-26,-14.172095,-5.706238,-4.980699
2013-03-27,-14.166094,-5.7293425,-4.989829
2013-03-28,-14.157113,-5.74811,-5.0021524
2013-03-29,-14.145857,-5.764941,-5.0126667
2013-03-30,-14.136515,-5.784332,-5.030109
2013-03-31,-14.118322,-5.8051915,-5.037604
2013-04-01,-14.112686,-5.81945,-5.041368
2013-04-02,-14.091271,-5.83894,-5.0434966
2013-04-03,-14.080189,-5.8529153,-5.049528
2013-04-04,-14.0858135,-5.8628154,-5.0579824
2013-04-05,-14.073494,-5.8694835,-5.024928
2013-04-06,-14.09279,-5.861506,-4.9687643
2013-04-07,-14.055667,-5.845153,-4.9904513
2013-04-08,-14.056353,-5.8183846,-4.992156
2013-04-09,-14.105694,-5.802079,-4.9962025
2013-04-10,-14.115691,-5.7940907,-5.002495
2013-04-11,-14.115869,-5.791761,-5.0163574
2013-04-12,-14.110685,-5.793914,-4.95869
2013-04-13,-14.102409,-5.799587,-4.959463
2013-04-14,-14.072298,-5.8082285,-4.9705215
2013-04-15,-14.075732,-5.808085,-4.987393
2013-04-16,-14.0709,-5.8075533,-5.0039773
2013-04-17,-14.060661,-5.806167,-5.0228887
2013-04-18,-14.048493,-5.810494,-5.036684
2013-04-19,-14.033192,-5.80923,-5.0404887
2013-04-20,-14.016216,-5.821628,-5.067146
2013-04-21,-13.990593,-5.8347235,-5.1039844
2013-04-22,-13.98062,-5.8448863,-5.145754
2013-04-23,-13.972421,-5.85398,-5.193403
2013-04-24,-13.965973,-5.862887,-5.1633735
2013-04-25,-13.960954,-5.8812265,-5.174636
2013-04-26,-13.905589,-5.8853574,-5.207718
2013-04-27,-13.938582,-5.8866177,-5.257093
2013-04-28,-13.954402,-5.8944645,-5.2527604
2013-04-29,-13.965484,-5.904191,-5.2308674
2013-04-30,-13.93806,-5.9252462,-5.2602425
2013-05-01,-13.960745,-5.920367,-5.3050656
2013-05-02,-13.993052,-5.923148,-5.3523703
2013-05-03,-13.997759,-5.9263306,-5.2674856
2013-05-04,-13.987705,-5.9401507,-5.149719
2013-05-05,-13.85006,-5.91428,-5.047989
2013-05-06,-13.913684,-5.8782816,-4.9325013
2013-05-07,-13.923671,-5.806264,-4.8246493
2013-05-08,-13.953646,-5.7485633,-4.7575994
2013-05-09,-13.935613,-5.6666374,-4.7919817
2013-05-10,-13.944156,-5.6202292,-4.7740235
2013-05-11,-13.965188,-5.5891843,-4.778278
2013-05-12,-13.939801,-5.570941,-4.7426696
2013-05-13,-13.921502,-5.552163,-4.7496166
2013-05-14,-13.888528,-5.5357594,-4.7443457
2013-05-15,-13.885553,-5.513714,-4.719581
2013-05-16,-13.856838,-5.4822307,-4.735768
2013-05-17,-13.8196,-5.4408126,-4.7359276
2013-05-18,-13.803783,-5.4101863,-4.7785997
2013-05-19,-13.763119,-5.381967,-4.8460736
2013-05-20,-13.724921,-5.3344126,-4.8661838
2013-05-21,-13.740732,-5.301778,-4.8766994
2013-05-22,-13.737889,-5.2807026,-4.8982067
2013-05-23,-13.716911,-5.2838655,-4.9239144
2013-05-24,-13.714808,-5.2964363,-4.9391713
2013-05-25,-13.705634,-5.3326445,-4.9723854
2013-05-26,-13.680604,-5.379217,-5.00805
2013-05-27,-13.684604,-5.4187655,-5.0473876
2013-05-28,-13.677905,-5.463276,-5.0810413
2013-05-29,-13.676874,-5.5084515,-5.1222386
2013-05-30,-13.668007,-5.5647893,-5.1612134
2013-05-31,-13.670193,-5.624951,-5.185127
2013-06-01,-13.670169,-5.680549,-5.21514
2013-06-02,-13.649367,-5.743544,-5.2676573
2013-06-03,-13.656622,-5.7917943,-5.2956867
2013-06-04,-13.669403,-5.825202,-5.3010726
2013-06-05,-13.656095,-5.853536,-5.336675
2013-06-06,-13.680134,-5.870081,-5.3919506
2013-06-07,-13.702624,-5.898488,-5.443346
2013-06-08,-13.719782,-5.915221,-5.5079837
2013-06-09,-13.704489,-5.9309864,-5.5754833
2013-06-10,-13.7203045,-5.939555,-5.6429534
2013-06-11,-13.720052,-5.946657,-5.7084184
2013-06-12,-13.7267,-5.953986,-5.7733946
2013-06-13,-13.733848,-5.958017,-5.8341556
2013-06-14,-13.743554,-5.957367,-5.878852
2013-06-15,-13.751933,-5.9500356,-5.927789
2013-06-16,-13.737954,-5.945098,-5.941897
2013-06-17,-13.749137,-5.9469604,-5.903944
2013-06-18,-13.734571,-5.9372625,-5.93557
2013-06-19,-13.752249,-5.9553704,-5.9167867
2013-06-20,-13.796649,-5.943892,-5.9123716
2013-06-21,-13.814212,-5.899414,-5.8203354
2013-06-22,-13.660326,-5.8373394,-5.836436
2013-06-23,-13.882541,-5.899438,-5.902208
2013-06-24,-13.882866,-5.93412,-5.965928
2013-06-25,-13.90378,-5.9455214,-6.03449
2013-06-26,-13.902122,-5.9447923,-6.091789
2013-06-27,-13.898938,-5.9356747,-6.132329
2013-06-28,-13.88892,-5.918249,-6.1528625
